№;Скрипт;Тип;Размер, Б;Где лежит;Описание;Посты
1;##__07__ERR_Links.jsx;InDesign (ExtendScript);13726;файл в посте;I extracted the link-fixing logic into its own script. It can be run standalone or integrated into your existing scripts.;https://t.me/desertop/785
2;##_______Place_YBan_TABLE.jsx;InDesign (ExtendScript);7067;файл в посте;описание из tg 618: Простой скрипт который расставит плашки на всех страницах в соответствии с таблицей. работает мгновенно, особо ничего не контролирует, ИИ справился…;https://t.me/desertop/620
3;##_d_REMOVE_END_enter.jsx;InDesign (ExtendScript);1927;файл в посте;"описание из tg 657: ""Тихий"" скрипт для InDesign убирающий ""пакость"" в выделенном фрейме или во всех фреймах открытого файла (если ничего не выделено).  A ""silent"" script…";https://t.me/desertop/658
4;##_Names2clipboard.jsx;InDesign (ExtendScript);3004;файл в посте;"возможно, из tg 117: Скрипт для Adobe InDesign копирует в буфер имена файлов изображений без путей из выделенных графических фреймов в буфер обмена в формате ""image1.jpg""…";https://t.me/desertop/118
5;##_Names2clipboard_PATH.jsx;InDesign (ExtendScript);2720;файл в посте;JScript Indesign / Тоже самое, но копируется с путями. Тут надо быть осторожнее с расположением, т.к. многие сервисы ограничивают длину ввода…;https://t.me/desertop/120
6;#_AI_1-2-3-v2-columns.jsx;InDesign (ExtendScript);11695;файл в посте;"AI script / удивительная штука этот ""ум""... / Скрипт меняет размеры выделенных графических фреймов (одного или толпу) на ширину колонок выделенного…";https://t.me/desertop/71
7;#_AI_22222_FotoCaption.jsx;InDesign (ExtendScript);6914;файл в посте;Indesign Script / Простой скрипт размещающий подпись под фото по размеру графического фрейма с добавлением TextWrap (обоим фреймам) и AutoSizing…;https://t.me/desertop/386
8;#_AI_33333_IDcodes.jsx;InDesign (ExtendScript);9453;файл в посте;Indesign Script / скрипт создает на рабочем столе файл-список с кодами команд Индизайна. На сколько я понял, коды могут отличаться от версии к…;https://t.me/desertop/387
9;#_AI_CAPS_first.jsx;InDesign (ExtendScript);4772;файл в посте;простой скрипт - проходится по всем текстовым фреймам страницы (разворота) и меняет первые буквы первых пяти строк на заглавные, если размер шрифта…;https://t.me/desertop/480
10;#_AI_FotoJUMP_v3.jsx;InDesign (ExtendScript);12030;файл в посте;возможно, из tg 374: IndesignScript немного доработал размещение фото (графических фреймов) на полосе. Выделяем текстовый фрейм и фото. Если выделен один графический…;https://t.me/desertop/375
11;#_AI_frame_add.jsx;InDesign (ExtendScript);7766;файл в посте;чуток подправил скрипт - теперь по горячим клавишам вызова скрипта можно показывать остаток текста во фрейме НЕ ВЫДЕЛЯЯ фрейм, продолжая…;https://t.me/desertop/361 https://t.me/desertop/431
12;#_AI_ImageInfo_v1.jsx;InDesign (ExtendScript);10841;файл в посте;возможно, из tg 378: IndesignScript Интерактивное окно с информацией о файле выделенного графического фрейма с кнопочкой копирования имени файла. Если нужна на постоянку,…;https://t.me/desertop/379
13;#_AI_ImageInfo_v11_2025.jsx;InDesign (ExtendScript);33192;в архиве #_AI_ImageInfo_v11_2025.rar;Обновил скрипт информационной таблички в InDesign. должен работать в 2023 и 2025. / Убрал белый фон и добавил пару интересных (для меня) функций: / -…;https://t.me/desertop/411
14;#_AI_ImageInfo_v4.jsx;InDesign (ExtendScript);24346;файл в посте;описание из tg 388: Обновил скрипт ImageInfo: Графические: Растровые: JPEG, PNG, TIFF, PSD Векторные: PDF, EPS, AI, SVG Текстовые: TXT, RTF Office: DOC, DOCX, XLS, XLSX,…;https://t.me/desertop/390
15;#_AI_JL_LineS_textframe.jsx;InDesign (ExtendScript);9455;файл в посте;Полоски между выделенными фреймами;https://t.me/desertop/242 https://t.me/desertop/406
16;#_AI_Package_SelectedPages4.jsx;InDesign (ExtendScript);19845;файл в посте;в посте только призыв поддержать (Donate/подписка), описания нет;https://t.me/desertop/486
17;#_AI_SpanColumns.jsx;InDesign (ExtendScript);4646;файл в посте;описание из tg 380: IDScript AI_SpanColumns.jsx размещение выделенных абзацев или первого абзаца (если выделен фрейм) на одну колонку или на все колонки (повторный…;https://t.me/desertop/381
18;#_AI_temp3D.jsx;InDesign (ExtendScript);5364;файл в посте;возможно, из tg 241: AI Indesign script Скрипт расставит полоски между выделенными фреймами. Обрабатывает не 2 фрейма, а выделенную группу для расстановки горизонтальных…;https://t.me/desertop/244
19;#_AI_temp3D2.jsx;InDesign (ExtendScript);5147;файл в посте;рисует и вращает на странице страшное существо: икосаэдр 😊;https://t.me/desertop/246
20;#Image_BW-CMYK_trial.jsx;InDesign (ExtendScript);33929;файл в посте;описание из tg 713: Trial версия скрипта. Сорри что не сразу, времени пока совсем нет кодить. Пишите если что;https://t.me/desertop/714
21;#Sizer4.jsx;InDesign (ExtendScript);18399;файл в посте;Sizer / Доработка, изменение функционала, гадание на кофейной гуще - пишите, организуем.;https://t.me/desertop/715
22;0-Column+.jsx;InDesign (ExtendScript);1518;файл в посте;JScript InDesign. / Очень удобные простенькие скрипты, которые меняют кол-во колонок у текстового фрейма (горячими клавишами мгновенно);https://t.me/desertop/32 https://t.me/desertop/430
23;0-Column-.jsx;InDesign (ExtendScript);1515;файл в посте;JScript InDesign. Добавлен функционал. / Очень удобные простенькие скрипты, которые меняют кол-во колонок у текстового фрейма (горячими клавишами…;https://t.me/desertop/31 https://t.me/desertop/430
24;AddOrEditHyperlink.source.jsx;InDesign (ExtendScript);6582;в архиве sourcefiles1.rar;AddOrEditHyperlink.source.jsx: Этот скрипт позволяет либо создать новую гиперссылку для выделенного текста, либо отредактировать уже существующую.…;https://t.me/desertop/526
25;addpagesusingcurrentmaster.jsx;InDesign (ExtendScript);5342;в архиве jsx-ru.rar;немного японских переведенных Indesign скриптов. для доработки или для обучения ботов. / Страницы / Документ / AddPagesUsingCurrentMaster.jsx —…;https://t.me/desertop/674 https://t.me/desertop/676
26;AddURLToStory.source.jsx;InDesign (ExtendScript);2217;в архиве sourcefiles1.rar;AddOrEditHyperlink.source.jsx: Этот скрипт позволяет либо создать новую гиперссылку для выделенного текста, либо отредактировать уже существующую.…;https://t.me/desertop/526
27;AI_JS_Command_Panel.jsx;InDesign (ExtendScript);13108;файл в посте;Скрипт дает возможность прямо в индизайне накидать скрипт или команду и выполнить. / The script makes it possible to write a script or command…;https://t.me/desertop/680
28;ai_spancolumns.jsx;InDesign (ExtendScript);;только имя в тексте;IDScript / AI_SpanColumns.jsx / размещение выделенных абзацев или первого абзаца (если выделен фрейм) на одну колонку или на все колонки (повторный…;https://t.me/desertop/380
29;appendparagraphnumbering.jsx;InDesign (ExtendScript);23342;в архиве jsx-ru.rar;немного японских переведенных Indesign скриптов. для доработки или для обучения ботов. / Страницы / Документ / AddPagesUsingCurrentMaster.jsx —…;https://t.me/desertop/674 https://t.me/desertop/676
30;autoparagraphstylegenerator-v2.jsx;InDesign (ExtendScript);11315;в архиве jsx-ru.rar;немного японских переведенных Indesign скриптов. для доработки или для обучения ботов. / Страницы / Документ / AddPagesUsingCurrentMaster.jsx —…;https://t.me/desertop/674 https://t.me/desertop/676
31;autoparagraphstylegenerator.jsx;InDesign (ExtendScript);11594;в архиве jsx-ru.rar;немного японских переведенных Indesign скриптов. для доработки или для обучения ботов. / Страницы / Документ / AddPagesUsingCurrentMaster.jsx —…;https://t.me/desertop/674 https://t.me/desertop/676
32;BookUpdateTOCs.jsx;InDesign (ExtendScript);4013;в архиве 2021.zip;1. BookUpdateTOCs.jsx / Этот скрипт обновляет все таблицы содержания (TOC) в активной книге. Он проверяет каждый раздел и запускает команду…;https://t.me/desertop/544 https://t.me/desertop/545
33;BreakColumns.source.jsx;InDesign (ExtendScript);4302;в архиве sourcefiles1.rar;AddOrEditHyperlink.source.jsx: Этот скрипт позволяет либо создать новую гиперссылку для выделенного текста, либо отредактировать уже существующую.…;https://t.me/desertop/526
34;ClearUnusedURLDestinations.source.jsx;InDesign (ExtendScript);725;в архиве sourcefiles1.rar;AddOrEditHyperlink.source.jsx: Этот скрипт позволяет либо создать новую гиперссылку для выделенного текста, либо отредактировать уже существующую.…;https://t.me/desertop/526
35;ColumnLines(MI).jsx;InDesign (ExtendScript);8236;файл в посте;анимацию и задержку можно подкорректировать (почти в самом конце кода), корявость линий пока не победил, будет повод выжить 😊;https://t.me/desertop/272
36;ConvertMarkdownToIndesign.source.jsx;InDesign (ExtendScript);2662;в архиве sourcefiles1.rar;AddOrEditHyperlink.source.jsx: Этот скрипт позволяет либо создать новую гиперссылку для выделенного текста, либо отредактировать уже существующую.…;https://t.me/desertop/526 https://t.me/desertop/527
37;ConvertToCMYK.source.jsx;InDesign (ExtendScript);6989;в архиве sourcefiles1.rar;AddOrEditHyperlink.source.jsx: Этот скрипт позволяет либо создать новую гиперссылку для выделенного текста, либо отредактировать уже существующую.…;https://t.me/desertop/526 https://t.me/desertop/527
38;createframefromselectedtext.jsx;InDesign (ExtendScript);34758;в архиве jsx-ru.rar;немного японских переведенных Indesign скриптов. для доработки или для обучения ботов. / Страницы / Документ / AddPagesUsingCurrentMaster.jsx —…;https://t.me/desertop/674 https://t.me/desertop/676
39;DivideStory.source.jsx;InDesign (ExtendScript);6367;в архиве sourcefiles1.rar;AddOrEditHyperlink.source.jsx: Этот скрипт позволяет либо создать новую гиперссылку для выделенного текста, либо отредактировать уже существующую.…;https://t.me/desertop/526 https://t.me/desertop/527
40;DocBackupSave.jsx;InDesign (ExtendScript);3680;в архиве 2021-2.zip;1. DocBackupSave.jsx / Этот скрипт создает резервную копию документа перед его сохранением. При первом вызове для нового документа скрипт просто…;https://t.me/desertop/546 https://t.me/desertop/547
41;DocGrepTextFindAll.jsx;InDesign (ExtendScript);3996;в архиве 2021-2.zip;1. DocBackupSave.jsx / Этот скрипт создает резервную копию документа перед его сохранением. При первом вызове для нового документа скрипт просто…;https://t.me/desertop/546 https://t.me/desertop/547
42;DocPreventOpening.jsx;InDesign (ExtendScript);3197;в архиве 2021.zip;1. BookUpdateTOCs.jsx / Этот скрипт обновляет все таблицы содержания (TOC) в активной книге. Он проверяет каждый раздел и запускает команду…;https://t.me/desertop/544 https://t.me/desertop/545
43;DocShowClosestByName.jsx;InDesign (ExtendScript);4042;в архиве 2021.zip;1. BookUpdateTOCs.jsx / Этот скрипт обновляет все таблицы содержания (TOC) в активной книге. Он проверяет каждый раздел и запускает команду…;https://t.me/desertop/544 https://t.me/desertop/545
44;edit_texts_by_dialog.jsx;InDesign (ExtendScript);13349;в архиве jsx-ru.rar;немного японских переведенных Indesign скриптов. для доработки или для обучения ботов. / Страницы / Документ / AddPagesUsingCurrentMaster.jsx —…;https://t.me/desertop/674 https://t.me/desertop/676
45;EditOnWeb.source.jsx;InDesign (ExtendScript);1714;в архиве sourcefiles1.rar;AddOrEditHyperlink.source.jsx: Этот скрипт позволяет либо создать новую гиперссылку для выделенного текста, либо отредактировать уже существующую.…;https://t.me/desertop/526 https://t.me/desertop/527
46;ExportAllStories.source.jsx;InDesign (ExtendScript);3030;в архиве sourcefiles1.rar;AddOrEditHyperlink.source.jsx: Этот скрипт позволяет либо создать новую гиперссылку для выделенного текста, либо отредактировать уже существующую.…;https://t.me/desertop/526 https://t.me/desertop/527
47;ExportMarkdown.source.jsx;InDesign (ExtendScript);36535;в архиве sourcefiles1.rar;AddOrEditHyperlink.source.jsx: Этот скрипт позволяет либо создать новую гиперссылку для выделенного текста, либо отредактировать уже существующую.…;https://t.me/desertop/526 https://t.me/desertop/527
48;ExportPageToJPEG.source.jsx;InDesign (ExtendScript);5316;в архиве sourcefiles2.rar;ExportPageToJPEG.source.jsx: Этот скрипт экспортирует выбранную страницу документа в формате JPEG с низким разрешением (превью). После экспорта он…;https://t.me/desertop/528
49;filenamemanager.jsx;InDesign (ExtendScript);51434;в архиве jsx-ru.rar;немного японских переведенных Indesign скриптов. для доработки или для обучения ботов. / Страницы / Документ / AddPagesUsingCurrentMaster.jsx —…;https://t.me/desertop/674 https://t.me/desertop/676
50;FileParseCSV.jsx;InDesign (ExtendScript);3173;в архиве 2021-2.zip;1. DocBackupSave.jsx / Этот скрипт создает резервную копию документа перед его сохранением. При первом вызове для нового документа скрипт просто…;https://t.me/desertop/546 https://t.me/desertop/547
51;fillinger.jsx;InDesign (ExtendScript);25056;файл в посте;"возможно, из tg 117: Скрипт для Adobe InDesign копирует в буфер имена файлов изображений без путей из выделенных графических фреймов в буфер обмена в формате ""image1.jpg""…";https://t.me/desertop/116
52;fillinger_preview.jsx;InDesign (ExtendScript);27180;файл в посте;возможно, из tg 154: Вот кто бы что бы ни говорил, а интеллект в умелых руках (сам себя не похвалишь...) творит чудеса. Буквально 5 минут и в скрипт добавлена кнопка…;https://t.me/desertop/155
53;fillinger_preview_RU.jsx;InDesign (ExtendScript);29983;файл в посте;в посте только файл, описания нет;https://t.me/desertop/158
54;FillToLength.source.jsx;InDesign (ExtendScript);955;в архиве sourcefiles2.rar;ExportPageToJPEG.source.jsx: Этот скрипт экспортирует выбранную страницу документа в формате JPEG с низким разрешением (превью). После экспорта он…;https://t.me/desertop/528
55;findchangebylist-markdown.jsx;InDesign (ExtendScript);33532;в архиве jsx-ru.rar;немного японских переведенных Indesign скриптов. для доработки или для обучения ботов. / Страницы / Документ / AddPagesUsingCurrentMaster.jsx —…;https://t.me/desertop/674 https://t.me/desertop/676
56;FontGlyphCount.jsx;InDesign (ExtendScript);2735;в архиве 2021-2.zip;1. DocBackupSave.jsx / Этот скрипт создает резервную копию документа перед его сохранением. При первом вызове для нового документа скрипт просто…;https://t.me/desertop/546 https://t.me/desertop/547
57;grep_query_runner.jsx;InDesign (ExtendScript);2799;файл в посте;описание из tg 152: InDesign Script grep_query_runner;https://t.me/desertop/153
58;grepstyleapplier.jsx;InDesign (ExtendScript);33591;в архиве jsx-ru.rar;немного японских переведенных Indesign скриптов. для доработки или для обучения ботов. / Страницы / Документ / AddPagesUsingCurrentMaster.jsx —…;https://t.me/desertop/674 https://t.me/desertop/676
59;GroupAddItems.jsx;InDesign (ExtendScript);5367;в архиве 2021-2.zip;1. DocBackupSave.jsx / Этот скрипт создает резервную копию документа перед его сохранением. При первом вызове для нового документа скрипт просто…;https://t.me/desertop/546 https://t.me/desertop/547
60;grouphorizontal.jsx;InDesign (ExtendScript);2906;в архиве jsx-ru.rar;немного японских переведенных Indesign скриптов. для доработки или для обучения ботов. / Страницы / Документ / AddPagesUsingCurrentMaster.jsx —…;https://t.me/desertop/674 https://t.me/desertop/676
61;HideWebOnlyText.source.jsx;InDesign (ExtendScript);2592;в архиве sourcefiles2.rar;ExportPageToJPEG.source.jsx: Этот скрипт экспортирует выбранную страницу документа в формате JPEG с низким разрешением (превью). После экспорта он…;https://t.me/desertop/528
62;hlw_selection.jsx;InDesign (ExtendScript);7612;файл в посте;Скрипт Highlight Hanging Words / hlw_selection.jsx: помечает непечатаемой голубой заливкой дефекты вёрстки в выделенных фреймах — короткие последние…;https://t.me/desertop/753 https://t.me/desertop/754
63;id-filenamemanager.jsx;InDesign (ExtendScript);125246;в архиве jsx-ru.rar;немного японских переведенных Indesign скриптов. для доработки или для обучения ботов. / Страницы / Документ / AddPagesUsingCurrentMaster.jsx —…;https://t.me/desertop/674 https://t.me/desertop/676
64;InBackup_d.jsx;InDesign (ExtendScript);4103;файл в посте;JScript InDesign / Сохраняемся. Немного доработал для визуального подтверждения сохранения. Внимательно пишем путь для сохранения.;https://t.me/desertop/33
65;indesignstylesetup.jsx;InDesign (ExtendScript);23436;в архиве jsx-ru.rar;немного японских переведенных Indesign скриптов. для доработки или для обучения ботов. / Страницы / Документ / AddPagesUsingCurrentMaster.jsx —…;https://t.me/desertop/674 https://t.me/desertop/676
66;indesigntypescale.jsx;InDesign (ExtendScript);71754;в архиве jsx-ru.rar;немного японских переведенных Indesign скриптов. для доработки или для обучения ботов. / Страницы / Документ / AddPagesUsingCurrentMaster.jsx —…;https://t.me/desertop/674 https://t.me/desertop/676
67;japaneseparagraphtypesettingmanager.jsx;InDesign (ExtendScript);29914;в архиве jsx-ru.rar;немного японских переведенных Indesign скриптов. для доработки или для обучения ботов. / Страницы / Документ / AddPagesUsingCurrentMaster.jsx —…;https://t.me/desertop/674 https://t.me/desertop/676
68;layoutgridbuilder.jsx;InDesign (ExtendScript);132049;в архиве jsx-ru.rar;немного японских переведенных Indesign скриптов. для доработки или для обучения ботов. / Страницы / Документ / AddPagesUsingCurrentMaster.jsx —…;https://t.me/desertop/674 https://t.me/desertop/676
69;LinkAutoUpdate.jsx;InDesign (ExtendScript);4332;в архиве 2021.zip;1. BookUpdateTOCs.jsx / Этот скрипт обновляет все таблицы содержания (TOC) в активной книге. Он проверяет каждый раздел и запускает команду…;https://t.me/desertop/544 https://t.me/desertop/545
70;MakeAd.source.jsx;InDesign (ExtendScript);6856;в архиве sourcefiles2.rar;ExportPageToJPEG.source.jsx: Этот скрипт экспортирует выбранную страницу документа в формате JPEG с низким разрешением (превью). После экспорта он…;https://t.me/desertop/528 https://t.me/desertop/529
71;MakeCaption.source.jsx;InDesign (ExtendScript);1343;в архиве sourcefiles2.rar;ExportPageToJPEG.source.jsx: Этот скрипт экспортирует выбранную страницу документа в формате JPEG с низким разрешением (превью). После экспорта он…;https://t.me/desertop/528 https://t.me/desertop/529
72;MakeEditorialPage.source.jsx;InDesign (ExtendScript);8612;в архиве sourcefiles2.rar;ExportPageToJPEG.source.jsx: Этот скрипт экспортирует выбранную страницу документа в формате JPEG с низким разрешением (превью). После экспорта он…;https://t.me/desertop/528 https://t.me/desertop/529
73;MakePageFromTemplate.source.jsx;InDesign (ExtendScript);4702;в архиве sourcefiles2.rar;ExportPageToJPEG.source.jsx: Этот скрипт экспортирует выбранную страницу документа в формате JPEG с низким разрешением (превью). После экспорта он…;https://t.me/desertop/528 https://t.me/desertop/529
74;MakeWeeklyBudget.source.jsx;InDesign (ExtendScript);8713;в архиве sourcefiles2.rar;ExportPageToJPEG.source.jsx: Этот скрипт экспортирует выбранную страницу документа в формате JPEG с низким разрешением (превью). После экспорта он…;https://t.me/desertop/528 https://t.me/desertop/529
75;mergecell-auto.jsx;InDesign (ExtendScript);13939;в архиве jsx-ru.rar;Таблицы / TableBorderFill.jsx — интерактивная настройка borders у выбранных table cells: outer/inner/horizontal/vertical/header/clear,…;https://t.me/desertop/675 https://t.me/desertop/676
76;mergecell-unmerge.jsx;InDesign (ExtendScript);10164;в архиве jsx-ru.rar;Таблицы / TableBorderFill.jsx — интерактивная настройка borders у выбранных table cells: outer/inner/horizontal/vertical/header/clear,…;https://t.me/desertop/675 https://t.me/desertop/676
77;nestedstylesetup.jsx;InDesign (ExtendScript);33591;в архиве jsx-ru.rar;немного японских переведенных Indesign скриптов. для доработки или для обучения ботов. / Страницы / Документ / AddPagesUsingCurrentMaster.jsx —…;https://t.me/desertop/674 https://t.me/desertop/676
78;paragraphshadingmatchrule.jsx;InDesign (ExtendScript);9295;в архиве jsx-ru.rar;немного японских переведенных Indesign скриптов. для доработки или для обучения ботов. / Страницы / Документ / AddPagesUsingCurrentMaster.jsx —…;https://t.me/desertop/674 https://t.me/desertop/676
79;PlaceTextFinal.source.jsx;InDesign (ExtendScript);8940;в архиве sourcefiles2.rar;ExportPageToJPEG.source.jsx: Этот скрипт экспортирует выбранную страницу документа в формате JPEG с низким разрешением (превью). После экспорта он…;https://t.me/desertop/528 https://t.me/desertop/529
80;PlaceTextFinal_old.source.jsx;InDesign (ExtendScript);8944;в архиве sourcefiles2.rar;ExportPageToJPEG.source.jsx: Этот скрипт экспортирует выбранную страницу документа в формате JPEG с низким разрешением (превью). После экспорта он…;https://t.me/desertop/528 https://t.me/desertop/529
81;PlaceTextRough.source.jsx;InDesign (ExtendScript);8931;в архиве sourcefiles3.rar;PlaceTextRough.source.jsx: Предназначен для импорта текстовых файлов (Word или RTF) в макет. Скрипт автоматически вызывает ProcessText.source.jsx,…;https://t.me/desertop/530
82;PlaceTextRough_old.source.jsx;InDesign (ExtendScript);8935;в архиве sourcefiles3.rar;PlaceTextRough.source.jsx: Предназначен для импорта текстовых файлов (Word или RTF) в макет. Скрипт автоматически вызывает ProcessText.source.jsx,…;https://t.me/desertop/530
83;processtext.source.jsx;InDesign (ExtendScript);33496;в архиве sourcefiles3.rar;MakeCaption.source.jsx: Упрощает создание подписей к фотографиям. Пользователь выбирает фрейм с изображением, а скрипт автоматически создает под ним…;https://t.me/desertop/529 https://t.me/desertop/530
84;processtext_old.source.jsx;InDesign (ExtendScript);32524;в архиве sourcefiles3.rar;MakeCaption.source.jsx: Упрощает создание подписей к фотографиям. Пользователь выбирает фрейм с изображением, а скрипт автоматически создает под ним…;https://t.me/desertop/529 https://t.me/desertop/530
85;ReattachPages.source.jsx;InDesign (ExtendScript);19045;в архиве sourcefiles3.rar;PlaceTextRough.source.jsx: Предназначен для импорта текстовых файлов (Word или RTF) в макет. Скрипт автоматически вызывает ProcessText.source.jsx,…;https://t.me/desertop/530 https://t.me/desertop/531
86;ReframeAllPages.jsx;InDesign (ExtendScript);2697;в архиве 2021.zip;1. BookUpdateTOCs.jsx / Этот скрипт обновляет все таблицы содержания (TOC) в активной книге. Он проверяет каждый раздел и запускает команду…;https://t.me/desertop/544 https://t.me/desertop/545
87;RemoveBidirectionality.source.jsx;InDesign (ExtendScript);385;в архиве sourcefiles3.rar;PlaceTextRough.source.jsx: Предназначен для импорта текстовых файлов (Word или RTF) в макет. Скрипт автоматически вызывает ProcessText.source.jsx,…;https://t.me/desertop/530 https://t.me/desertop/531
88;RemoveHyperlink.source.jsx;InDesign (ExtendScript);4055;в архиве sourcefiles3.rar;PlaceTextRough.source.jsx: Предназначен для импорта текстовых файлов (Word или RTF) в макет. Скрипт автоматически вызывает ProcessText.source.jsx,…;https://t.me/desertop/530 https://t.me/desertop/531
89;RemoveJumplines.source.jsx;InDesign (ExtendScript);11989;в архиве sourcefiles3.rar;PlaceTextRough.source.jsx: Предназначен для импорта текстовых файлов (Word или RTF) в макет. Скрипт автоматически вызывает ProcessText.source.jsx,…;https://t.me/desertop/530 https://t.me/desertop/531
90;RemovePullquotes.source.jsx;InDesign (ExtendScript);11830;в архиве sourcefiles3.rar;PlaceTextRough.source.jsx: Предназначен для импорта текстовых файлов (Word или RTF) в макет. Скрипт автоматически вызывает ProcessText.source.jsx,…;https://t.me/desertop/530 https://t.me/desertop/531
91;RenumberColumns.source.jsx;InDesign (ExtendScript);2935;в архиве sourcefiles3.rar;PlaceTextRough.source.jsx: Предназначен для импорта текстовых файлов (Word или RTF) в макет. Скрипт автоматически вызывает ProcessText.source.jsx,…;https://t.me/desertop/530 https://t.me/desertop/531
92;scriptrunner-simple.jsx;InDesign (ExtendScript);115;в архиве jsx-ru.rar;Таблицы / TableBorderFill.jsx — интерактивная настройка borders у выбранных table cells: outer/inner/horizontal/vertical/header/clear,…;https://t.me/desertop/675 https://t.me/desertop/676
93;scriptrunner.jsx;InDesign (ExtendScript);3271;в архиве jsx-ru.rar;Таблицы / TableBorderFill.jsx — интерактивная настройка borders у выбранных table cells: outer/inner/horizontal/vertical/header/clear,…;https://t.me/desertop/675 https://t.me/desertop/676
94;SelApplyStyleNone.jsx;InDesign (ExtendScript);2155;в архиве 2021.zip;1. BookUpdateTOCs.jsx / Этот скрипт обновляет все таблицы содержания (TOC) в активной книге. Он проверяет каждый раздел и запускает команду…;https://t.me/desertop/544 https://t.me/desertop/545
95;SelFirstImage.jsx;InDesign (ExtendScript);2699;в архиве 2021-2.zip;1. DocBackupSave.jsx / Этот скрипт создает резервную копию документа перед его сохранением. При первом вызове для нового документа скрипт просто…;https://t.me/desertop/546 https://t.me/desertop/547
96;SelFlattenTransform.jsx;InDesign (ExtendScript);1884;в архиве 2021-2.zip;1. DocBackupSave.jsx / Этот скрипт создает резервную копию документа перед его сохранением. При первом вызове для нового документа скрипт просто…;https://t.me/desertop/546 https://t.me/desertop/547
97;SelPlacePDFPage.jsx;InDesign (ExtendScript);2094;в архиве 2021.zip;1. BookUpdateTOCs.jsx / Этот скрипт обновляет все таблицы содержания (TOC) в активной книге. Он проверяет каждый раздел и запускает команду…;https://t.me/desertop/544 https://t.me/desertop/545
98;SelSetFrameHeightByLineCount.jsx;InDesign (ExtendScript);4911;в архиве 2021.zip;1. BookUpdateTOCs.jsx / Этот скрипт обновляет все таблицы содержания (TOC) в активной книге. Он проверяет каждый раздел и запускает команду…;https://t.me/desertop/544 https://t.me/desertop/545
99;SelTransformDimensions.jsx;InDesign (ExtendScript);3118;в архиве 2021.zip;1. BookUpdateTOCs.jsx / Этот скрипт обновляет все таблицы содержания (TOC) в активной книге. Он проверяет каждый раздел и запускает команду…;https://t.me/desertop/544 https://t.me/desertop/545
100;SeparatePages.source.jsx;InDesign (ExtendScript);9175;файл в посте;Выделяет одну указанную страницу из многостраничного документа в отдельный InDesign-файл, одновременно создавая резервную копию и удаляя эту страницу…;https://t.me/desertop/523
101;setlastcolumntoframewidth.jsx;InDesign (ExtendScript);2341;в архиве jsx-ru.rar;Таблицы / TableBorderFill.jsx — интерактивная настройка borders у выбранных table cells: outer/inner/horizontal/vertical/header/clear,…;https://t.me/desertop/675 https://t.me/desertop/676
102;smartborderbuilder.jsx;InDesign (ExtendScript);75324;в архиве jsx-ru.rar;Таблицы / TableBorderFill.jsx — интерактивная настройка borders у выбранных table cells: outer/inner/horizontal/vertical/header/clear,…;https://t.me/desertop/675 https://t.me/desertop/676
103;smartgroup.jsx;InDesign (ExtendScript);11850;в архиве jsx-ru.rar;немного японских переведенных Indesign скриптов. для доработки или для обучения ботов. / Страницы / Документ / AddPagesUsingCurrentMaster.jsx —…;https://t.me/desertop/674 https://t.me/desertop/676
104;SpeedUpIndesign.jsx;InDesign (ExtendScript);4218;файл в посте;Indesign скрипт для ускорения работы, изменяя некоторые параметры настройки. / Установка и восстановление настроек: / Проверяет, были ли ранее…;https://t.me/desertop/535
105;StartEnteringHebrew.source.jsx;InDesign (ExtendScript);995;файл в посте;StartEnteringHebrew.source.jsx / Назначение: Быстро переключает выбранный текст (или точку вставки) на ввод иврита справа налево. / Как работает: /…;https://t.me/desertop/524
106;StyleListGotoSample.jsx;InDesign (ExtendScript);5172;в архиве 2021.zip;1. BookUpdateTOCs.jsx / Этот скрипт обновляет все таблицы содержания (TOC) в активной книге. Он проверяет каждый раздел и запускает команду…;https://t.me/desertop/544 https://t.me/desertop/545
107;swap-table-row-column.jsx;InDesign (ExtendScript);18541;в архиве jsx-ru.rar;Таблицы / TableBorderFill.jsx — интерактивная настройка borders у выбранных table cells: outer/inner/horizontal/vertical/header/clear,…;https://t.me/desertop/675 https://t.me/desertop/676
108;swapimageframes.jsx;InDesign (ExtendScript);18134;в архиве jsx-ru.rar;немного японских переведенных Indesign скриптов. для доработки или для обучения ботов. / Страницы / Документ / AddPagesUsingCurrentMaster.jsx —…;https://t.me/desertop/674 https://t.me/desertop/676
109;switchtomasterordocument.jsx;InDesign (ExtendScript);4233;в архиве jsx-ru.rar;немного японских переведенных Indesign скриптов. для доработки или для обучения ботов. / Страницы / Документ / AddPagesUsingCurrentMaster.jsx —…;https://t.me/desertop/674 https://t.me/desertop/676
110;tableborderfill.jsx;InDesign (ExtendScript);62915;в архиве jsx-ru.rar;Таблицы / TableBorderFill.jsx — интерактивная настройка borders у выбранных table cells: outer/inner/horizontal/vertical/header/clear,…;https://t.me/desertop/675 https://t.me/desertop/676
111;TableCellBox.jsx;InDesign (ExtendScript);15489;в архиве 2021-2.zip;1. DocBackupSave.jsx / Этот скрипт создает резервную копию документа перед его сохранением. При первом вызове для нового документа скрипт просто…;https://t.me/desertop/546 https://t.me/desertop/547
112;tablecolumnequalizer.jsx;InDesign (ExtendScript);2037;в архиве jsx-ru.rar;Таблицы / TableBorderFill.jsx — интерактивная настройка borders у выбранных table cells: outer/inner/horizontal/vertical/header/clear,…;https://t.me/desertop/675 https://t.me/desertop/676
113;tablecolumnwidthadjuster.jsx;InDesign (ExtendScript);52382;в архиве jsx-ru.rar;Таблицы / TableBorderFill.jsx — интерактивная настройка borders у выбранных table cells: outer/inner/horizontal/vertical/header/clear,…;https://t.me/desertop/675 https://t.me/desertop/676
114;tableFormatting.jsx;InDesign (ExtendScript);18058;в архиве tableFormatting.rar;"описание из tg 129: InDesign Scripts: The script allows you to format several tables at once according to the specified parameters (all optional): ✅apply table style;…";https://t.me/desertop/131
115;tablerowheightmanager.jsx;InDesign (ExtendScript);36314;в архиве jsx-ru.rar;Таблицы / TableBorderFill.jsx — интерактивная настройка borders у выбранных table cells: outer/inner/horizontal/vertical/header/clear,…;https://t.me/desertop/675 https://t.me/desertop/676
116;tablewidthcolumnwidthmanager.jsx;InDesign (ExtendScript);48500;в архиве jsx-ru.rar;Таблицы / TableBorderFill.jsx — интерактивная настройка borders у выбранных table cells: outer/inner/horizontal/vertical/header/clear,…;https://t.me/desertop/675 https://t.me/desertop/676
117;Tabs_Spaces_Zerro.jsx;InDesign (ExtendScript);2123;файл в посте;в посте только файл, описания нет;https://t.me/desertop/763
118;TextSortParagraphs.jsx;InDesign (ExtendScript);6608;в архиве 2021-2.zip;1. DocBackupSave.jsx / Этот скрипт создает резервную копию документа перед его сохранением. При первом вызове для нового документа скрипт просто…;https://t.me/desertop/546 https://t.me/desertop/547
119;Thumbify v2.4.7.jsx;InDesign (ExtendScript);115506;файл в посте;"описание из tg 730: Скрипт ""Thumbify v2.4.7.jsx"" для Adobe InDesign автоматизирует создание флэтпланов, контактных листов и сеток миниатюр из многостраничных документов.…";https://t.me/desertop/731
120;TransformationMatrixInfo.jsx;InDesign (ExtendScript);3281;в архиве 2021-2.zip;1. DocBackupSave.jsx / Этот скрипт создает резервную копию документа перед его сохранением. При первом вызове для нового документа скрипт просто…;https://t.me/desertop/546 https://t.me/desertop/547
121;transposetablerowscols.jsx;InDesign (ExtendScript);18541;в архиве jsx-ru.rar;Таблицы / TableBorderFill.jsx — интерактивная настройка borders у выбранных table cells: outer/inner/horizontal/vertical/header/clear,…;https://t.me/desertop/675 https://t.me/desertop/676
122;TypeActuallyShowHidden.jsx;InDesign (ExtendScript);6807;в архиве 2021.zip;1. BookUpdateTOCs.jsx / Этот скрипт обновляет все таблицы содержания (TOC) в активной книге. Он проверяет каждый раздел и запускает команду…;https://t.me/desertop/544 https://t.me/desertop/545
123;typescalestyleapplier.jsx;InDesign (ExtendScript);108694;в архиве jsx-ru.rar;немного японских переведенных Indesign скриптов. для доработки или для обучения ботов. / Страницы / Документ / AddPagesUsingCurrentMaster.jsx —…;https://t.me/desertop/674 https://t.me/desertop/676
124;typesettingstylemanager.jsx;InDesign (ExtendScript);95865;в архиве jsx-ru.rar;немного японских переведенных Indesign скриптов. для доработки или для обучения ботов. / Страницы / Документ / AddPagesUsingCurrentMaster.jsx —…;https://t.me/desertop/674 https://t.me/desertop/676
125;UnlinkAllStories.source.jsx;InDesign (ExtendScript);5258;файл в посте;Массово разрывает все связи InCopy ↔️ InDesign для всех историй во всех .indd-файлах в выбранной папке. Используется после завершения проекта, чтобы…;https://t.me/desertop/525
126;v2.4.7.jsx;InDesign (ExtendScript);;только имя в тексте;"Скрипт ""Thumbify v2.4.7.jsx"" для Adobe InDesign автоматизирует создание флэтпланов, контактных листов и сеток миниатюр из многостраничных документов.…";https://t.me/desertop/730
127;zebrarowfill.jsx;InDesign (ExtendScript);38117;в архиве jsx-ru.rar;Таблицы / TableBorderFill.jsx — интерактивная настройка borders у выбранных table cells: outer/inner/horizontal/vertical/header/clear,…;https://t.me/desertop/675 https://t.me/desertop/676
128;типовые операции_v2_02.jsx;InDesign (ExtendScript);8546;в архиве StandardOperations.rar;описание из tg 39: Интерфейс для типовых операций (инструкция в архиве). В процессе работы над каждой книгой у меня накапливается с десяток-полтора скриптов, по…;https://t.me/desertop/38
129;типовые операции_v2_03(CC).jsx;InDesign (ExtendScript);9171;в архиве StandardOperations.rar;описание из tg 39: Интерфейс для типовых операций (инструкция в архиве). В процессе работы над каждой книгой у меня накапливается с десяток-полтора скриптов, по…;https://t.me/desertop/38
130;#_AI_05_LineS_textframe_v6.jsxbin;InDesign, скомпилированный;18559;файл в посте;"The script draws dividing lines between neighboring dedicated objects in InDesign. / Functions: / draws horizontal and vertical lines between frames;…";https://t.me/desertop/661
131;1_Dimetric-left.jsxbin;InDesign, скомпилированный;95022;в архиве isometric_projection.zip;в посте только файл, описания нет;https://t.me/desertop/133
132;1_Isometric-left.jsxbin;InDesign, скомпилированный;98300;в архиве isometric_projection.zip;в посте только файл, описания нет;https://t.me/desertop/133
133;2_Dimetric-right.jsxbin;InDesign, скомпилированный;1857;в архиве isometric_projection.zip;в посте только файл, описания нет;https://t.me/desertop/133
134;2_Isometric-right.jsxbin;InDesign, скомпилированный;1736;в архиве isometric_projection.zip;в посте только файл, описания нет;https://t.me/desertop/133
135;3_Dimetric-top.jsxbin;InDesign, скомпилированный;1886;в архиве isometric_projection.zip;в посте только файл, описания нет;https://t.me/desertop/133
136;3_Isometric-top.jsxbin;InDesign, скомпилированный;1737;в архиве isometric_projection.zip;в посте только файл, описания нет;https://t.me/desertop/133
137;4_Dimetric-arrange.jsxbin;InDesign, скомпилированный;3094;в архиве isometric_projection.zip;в посте только файл, описания нет;https://t.me/desertop/133
138;4_Isometric-arrange.jsxbin;InDesign, скомпилированный;3051;в архиве isometric_projection.zip;в посте только файл, описания нет;https://t.me/desertop/133
139;batch_convert.jsxbin;InDesign, скомпилированный;70004;файл в посте;Данный скрипт (пакетный файл) обрабатывает файлы. Его можно использовать для следующих задач: / Экспорт документов InDesign в PDF и другие форматы /…;https://t.me/desertop/270
140;emptyframeremover v1.03 .jsxbin;InDesign, скомпилированный;4864;файл в посте;InDesign / Delete empty Text Frames;https://t.me/desertop/125
141;PDF Export Single Pages.jsxbin;InDesign, скомпилированный;43541;в архиве ID PDF Export Printer Scripts (2 JSX) @ArtistData.zip;описание из tg 126: InDesign Scripts: 1. PDF Printer Spreads 2. Export Single Pages The script places PDF pages into an InDesign document and arranges the pages as…;https://t.me/desertop/127
142;PDF Printer Spreads.jsxbin;InDesign, скомпилированный;31826;в архиве ID PDF Export Printer Scripts (2 JSX) @ArtistData.zip;описание из tg 126: InDesign Scripts: 1. PDF Printer Spreads 2. Export Single Pages The script places PDF pages into an InDesign document and arranges the pages as…;https://t.me/desertop/127
143;ProcessFramesInPhotoshop_DEMO (5).jsxbin;InDesign, скомпилированный;9008;файл в посте;Скрипт для InDesign (ExtendScript), который открывает содержимое каждого выделенного графического фрейма в Photoshop, меняет разрешение на 300 dpi и…;https://t.me/desertop/594
144;TrashDestroyer.jsxbin;InDesign, скомпилированный;8670;файл в посте;Удаление мусора без вопросов во всем документе. Изредка какие-то элементы оставляет, не стал выяснять причину - руками тоже надо иногда работать 😊;https://t.me/desertop/518
145;#_CleanDocument2025.js;JavaScript;25111;файл в посте;возможно, из tg 175: Indesign script протестируйте скрипт, пожалуйста. работоспособность выполняемых функций. ТОЛЬКО для версии InDesign 2025 (в 2023 не работает).…;https://t.me/desertop/177
146;InspectGrepStyle.js;JavaScript;16175;в архиве jsx-ru.rar;немного японских переведенных Indesign скриптов. для доработки или для обучения ботов.;https://t.me/desertop/676
147;SplitParagraph.js;JavaScript;8785;в архиве jsx-ru.rar;немного японских переведенных Indesign скриптов. для доработки или для обучения ботов.;https://t.me/desertop/676
148;puzzle15.zip — JS-проект (40 файлов);JavaScript-проект;201331;в архиве puzzle15.zip;в посте только файл, описания нет;https://t.me/desertop/806
149;convert_to_jpg.ps1;PowerShell;402;в архиве ConvertToJPG_ContextMenu.zip;Для контекстного меню: .avif, .jfif, .heic → .jpg / Состав архива: / add_to_context.reg — добавляет пункт в контекстное меню для любых файлов (.avif,…;https://t.me/desertop/253
150;ExtractImagesAndCleanDocument.bas;Макрос (Basic);5824;файл в посте;new version of the one-click photo extraction script. less garbage, higher speed. throw it into macros, make a button on the Word panel and enjoy.;https://t.me/desertop/734
151;ExtractImagesAndCleanDocument2.txt;Текст скрипта (.txt);2279;файл в посте;немного ПОДПРАВИЛ скрипт, обновите;https://t.me/desertop/306
